Actual Inflation,Ensemble Predicted Inflation
2.6595813337671865,2.983711721638336
2.763105489889229,3.200123556872887
3.2588864942172773,3.0061105890884625
3.936921627368674,3.9479114832336113
4.540525337943521,4.325688580365601
4.72782543827508,4.4392734327846695
5.033435776414462,4.0609099238509625
3.548792304519432,3.7254453370342304
3.360973371421845,3.5020069544658816
3.2081280178380696,3.4709159444829254
3.920039073397481,3.650754239673388
3.1426127953002365,3.9706856770519994
